ID,device_id,model,maintenance_date,maintenance_type,fault_code,fault_phenomenon,cause_analysis,measures_taken,replaced_parts,time_consumed,maintenance_personnel
1,WRB-001,FANUC ARCMate 120iC,2023/10/26,PM,-,按照年度维护计划，执行齿轮箱润滑油定期更换，确保机械传动部件处于良好润滑状态。,经过运行时长统计及油液初步观察，润滑油已达到使用周期，粘度下降并存在轻微金属磨屑。,彻底排出旧油，使用专用清洗剂冲洗齿轮箱内部，最后加注全新规格的合成齿轮油至指定观察窗刻度。,合成齿轮箱润滑油,1.5,张三
2,WRB-002,ABB IRB 2600,2023/10/27,CM,SRVO-050,在执行直线焊接路径时，机器人轨迹明显偏离程序设定路径，导致工件批量报废。,经诊断软件检测第六轴定位偏差超限，拆解后发现该轴减速器内部齿轮存在严重磨损与点蚀。,完全更换第六轴总成内的精密减速器，安装后使用激光跟踪仪进行绝对精度补偿与校准。,减速器总成,4,李四
3,WRB-003,KUKA KR 10 R1420,2023/10/28,PM,-,执行焊枪系统日常保养，包括清理喷嘴内外部的熔溅氧化物、检查导电嘴孔径磨损及送丝管通畅性。,焊枪喷嘴被厚层熔溅物覆盖，导电嘴孔径有轻微椭圆状磨损，送丝管有一段因频繁弯曲而老化。,使用专业熔溅清理剂去除喷嘴熔渣，更换全新规格的导电嘴和一段三米长的特氟龙送丝管。,"导电嘴, 喷嘴, 送丝管",0.5,王五
4,WRB-001,FANUC ARCMate 120iC,2023/10/29,CM,OH-0771,系统启动时控制器报第三轴伺服电机过载警报，机器人无法正常上电使能。,初步判断为电机抱闸故障。进一步检测发现第三轴电机内置的制动器线圈电阻异常，无法正常释放。,断开电源后，小心拆卸第三轴伺服电机，更换其内部的制动器模块，并测试抱闸释放功能。,刹车片模块,2.5,张三
5,WRB-004,Yaskawa MA1440,2023/10/30,PM,-,为防范程序丢失风险，对机器人控制器的所有应用程序、系统参数及坐标系数据进行全量备份。,此为周期性预防性维护要求，旨在确保在系统突发故障时能迅速恢复生产，减少停机时间。,使用U盘连接控制器，将系统状态、程序文件及所有关键参数打包压缩并存储至工控服务器。,无,0.5,赵六
6,WRB-002,ABB IRB 2600,2023/10/31,CM,WIRE-FEED,送丝机在送丝过程中出现间歇性卡顿，送丝速度不稳定，严重影响焊接熔深质量。,检查发现送丝轮V型槽已被焊丝磨出深沟，导致对焊丝的驱动力不足且压紧弹簧疲劳失效。,更换一对全新送丝轮，并调整送丝轮压紧力至标准值，使用送丝速度测试仪进行校准。,送丝轮,1,李四
7,WRB-005,FANUC ARCMate 120iC,2023/11/1,PM,-,全面检查并紧固机器人本体上各轴的电机动力电缆、编码器线、气路接头等外部连接件。,设备长期振动导致部分电缆接头和气管快插头的锁紧螺母出现毫米级的松动，存在脱落风险。,使用扭力扳手按照标准力矩值重新紧固所有检查出的松动接口，并做好标记以备下次复查。,无,1,王五
8,WRB-003,KUKA KR 10 R1420,2023/11/2,CM,KSP-6005,机器人控制柜与本体之间出现严重通信中断，示教器显示“总线连接失败”红色错误。,使用万用表分段检测，最终定位为机器人底座转至第三臂的DSE编码器电缆因弯折过度内部断裂。,耐心穿线并更换一整根全新屏蔽DSE电缆，更换后重新配置编码器数据，通信恢复正常。,DSE电缆,3,赵六
9,WRB-001,FANUC ARCMate 120iC,2023/11/3,PM,-,使用TCP校准工具，对机器人焊枪的工具中心点进行周期性精度复检与标定。,由于日常焊接碰撞及工装更换，工具中心点的位置发生了毫米级的偏移，影响焊接寻位精度。,通过四点法精确测量工具中心点的实际位置，并将修正后的数据输入到机器人工具坐标系中。,无,1,张三
10,WRB-004,Yaskawa MA1440,2023/11/4,CM,ARC-020,焊接过程电弧不稳定，焊道呈现不连续的瘤状，且伴随大量飞溅，保护气流量计显示正常。,拆检焊枪发现导电嘴内孔因长时间使用已磨损成椭圆状，导致焊丝导向不准和电弧集中性变差。,立即停机，更换一套全新的镀铬导电嘴和喷嘴，并检查送丝软管的弯曲度是否在规定范围内。,"导电嘴, 喷嘴",0.5,李四
11,WRB-002,ABB IRB 2600,2023/11/5,PM,-,关闭控制器电源，打开柜门，使用吸尘器和毛刷仔细清洁内部各板卡散热风扇的防尘滤网。,滤网吸附了大量车间空气中的粉尘和纤维，严重影响控制柜的散热效率，易导致元件过热。,小心取出所有滤网，用压缩空气反向吹扫干净，对于破损的滤网进行了更换，确保通风良好。,滤网,0.5,王五
12,WRB-005,FANUC ARCMate 120iC,2023/11/6,CM,ESP-0001,操作员按下外部安全围栏上的急停按钮后，系统无任何响应，急停信号未能触发停机。,检查急停回路，发现该按钮内部微动开关触点因氧化导致接触电阻过大，信号无法正常传递。,更换符合安全等级要求的全新急停按钮，并测试其功能确保能有效切断机器人驱动电源。,急停按钮,1.5,赵六
13,WRB-003,KUKA KR 10 R1420,2023/11/7,PM,BAT-001,系统上电后提示“轴编码器电池电压低”警告，提示需更换电池以防位置数据丢失。,机器人本体各关节编码器的备份电池已接近使用寿命终点，电压低于维持记忆所需的最低值。,断电后，找到电池盒位置，将旧电池组取出，换上一组全新的高品质锂电池，并确认电压。,备份电池,0.5,张三
14,WRB-001,FANUC ARCMate 120iC,2023/11/8,CM,MOTN-023,机器人第二轴在正反向运动时持续发出“嘎吱”异响，且在高速运行时伴有轻微抖动现象。,异响源于第二轴导轨润滑不足，导致滑块与导轨之间出现干性摩擦，加速了接触面的磨损。,清洁导轨上的旧油脂和污物，使用专用注油枪重新为导轨和滑块加注足量的锂基润滑脂。,润滑脂,1.5,李四
15,WRB-004,Yaskawa MA1440,2023/11/9,PM,-,检查焊机接地电缆、机器人本体接地线及工件接地夹的连接状况与接触电阻。,接地不良会引发电弧不稳定、设备通信受干扰甚至损坏控制器精密电子元件的风险，需定期检查。,使用接地电阻测试仪测量各接地点电阻，对松动处进行紧固，对锈蚀处进行打磨以确保良好接地。,无,0.5,王五
16,WRB-002,ABB IRB 2600,2023/11/10,CM,GAS-100,焊接开始时系统报“保护气体缺失”报警，但气瓶压力充足，电磁阀检测正常。,沿气路排查，发现位于焊枪进气管处的快速接头内部密封圈老化破裂，导致气体严重泄漏。,关闭气源，拆卸泄漏的快速接头，更换一个带有新密封圈的同型号接头，并进行保压测试。,气管快速接头,1,赵六
17,WRB-005,FANUC ARCMate 120iC,2023/11/11,PM,-,连接服务笔记本，登录机器人系统后台，检查并更新各轴伺服驱动器的控制固件至最新版本。,制造商发布了新固件版本，主要优化了伺服电机的控制算法，提升了运动平稳性和节能效果。,依次对六个轴的伺服驱动器进行固件刷新操作，更新后重启系统并确认所有参数加载无误。,无,2,张三
18,WRB-003,KUKA KR 10 R1420,2023/11/12,CM,SYS-001,机器人控制系统在运行一段时间后频繁死机，必须断电重启才能暂时恢复，无法持续生产。,深度诊断指向控制器主板上的CF存储卡存在坏道，导致系统文件读写错误，从而引发系统崩溃。,备份现有程序后，更换一块工业级的高可靠性CF卡，重新安装系统软件并恢复备份的程序参数。,CF卡,2.5,李四
19,WRB-001,FANUC ARCMate 120iC,2023/11/13,PM,-,委托第三方计量机构，使用激光跟踪仪对机器人的定位精度和重复定位精度进行年度校验。,定期精度校验是保证焊接质量一致性的关键，可及时发现并补偿因机械磨损带来的精度偏差。,配合计量工程师在机器人大范围空间内采集多组数据，根据检测报告对机器人精度进行补偿。,无,3,"王五, 赵六"
20,WRB-004,Yaskawa MA1440,2023/11/14,CM,OVH-002,送丝机模块报警“电机过热”，触摸其外壳烫手，散热风扇处无气流排出。,拆开送丝机外壳，发现为其驱动电机散热的小型风扇轴承卡死，完全停转，导致热量无法散出。,切断电源，拆卸故障风扇，更换一个同规格（DC24V）的轴流风扇，安装后测试散热功能正常。,散热风扇,1,张三
21,WRB-006,OTC FD-B4,2023/11/15,CM,AXIS-005,第五轴在回零操作时无法找到机械原点，反复超程报警，机器人无法正常初始化。,第五轴原点传感器表面被油污和金属粉尘覆盖，导致其无法正确检测到原点挡块信号。,清洁原点传感器的感应面及其周围的挡块，重新执行原点复归操作后恢复正常。,无,1.5,陈七
22,WRB-007,Panasonic TA-1400,2023/11/16,PM,-,对机器人各轴减速箱进行振动及温度检测，采集数据以建立状态监测趋势基线。,周期性预测性维护要求，通过分析振动频谱和温升变化，提前判断减速箱内部健康状态。,使用手持式振动分析仪和热成像仪，采集各轴在特定转速下的数据并录入数据库。,无,2,钱八
23,WRB-008,FANUC M-10iD/12,2023/11/17,CM,CABLE-002,焊枪动力电缆在第三关节处表皮磨损破裂，内部铜丝裸露，存在短路风险。,电缆保护弹簧套安装位置不当，导致电缆与设备外壳发生长期摩擦，最终磨破绝缘层。,更换整段破损的焊枪动力电缆，重新调整电缆保护弹簧套的位置和弯曲半径。,动力电缆,2.5,孙九
24,WRB-006,OTC FD-B4,2023/11/18,PM,-,更换机器人各轴伺服电机的编码器备份电池，防止电源断开后位置数据丢失。,系统日志提示编码器电池电压已低于临界值，需在下次断电前完成更换。,在通电状态下，依次找到各轴电池盒并更换新电池，确保数据保持电路不断电。,编码器电池,1,陈七
25,WRB-009,KUKA KR 6 R700,2023/11/19,CM,COLL-001,机器人运行中与工件夹具发生碰撞，紧急停止，当前位姿发生偏移。,程序路径点坐标存在偏差，且外部夹具未被完全清空，导致机器人行至非安全区域。,使用力控功能手动拖动机器人脱离碰撞点，检查本体精度，重新示教相关路径点。,无,3,周十
26,WRB-007,Panasonic TA-1400,2023/11/20,CM,WIRE-011,送丝软管内部堵塞，送丝阻力极大，导致送丝电机过载报警，无法进行焊接。,低品质焊丝表面的镀铜层脱落，铜屑在送丝管内部堆积，最终造成完全堵塞。,拆除整条送丝管，使用高压气体吹扫并更换全新送丝管，同时更换为优质焊丝。,送丝管,1.5,钱八
27,WRB-010,ABB IRB 1600,2023/11/21,PM,-,对机器人控制柜内的散热风扇进行清洁保养，并给风扇轴承添加润滑油脂。,风扇运行时噪音明显增大，初步判断为轴承缺油干磨，长期下去会导致卡死或烧毁。,拆下风扇，清除旧油脂和灰尘，添加新的高速轴承润滑脂，重新安装后测试运行平稳。,无,1,吴十一
28,WRB-008,FANUC M-10iD/12,2023/11/22,CM,SVOFF-020,机器人一使能，第二轴伺服驱动器就报“动态制动器异常”错误，无法上电。,第二轴伺服驱动器的动态制动回路检测到异常电流，可能为制动单元本身或驱动板故障。,更换第二轴伺服驱动器的制动控制单元模块，更换后故障消除，使能正常。,制动控制单元,2,孙九
29,WRB-009,KUKA KR 6 R700,2023/11/23,PM,-,校准机器人工具坐标与工件坐标，使用寻位程序补偿因工装夹具磨损带来的定位偏差。,批量生产中发现工件一致性变差，经测量为夹具定位块磨损导致工件放置位置发生偏移。,修改程序，增加寻位指令，利用接触传感器对每个工件的位置进行探测并自动补偿偏移量。,无,2.5,周十
30,WRB-010,ABB IRB 1600,2023/11/24,CM,ROB-102,机器人操作器（示教盒）触摸屏局部失灵，无法正常点击屏幕右下角的按钮。,示教盒长期使用，局部屏幕可能因频繁点击或内部连接排线松动导致触控功能失效。,尝试校准触摸屏无效后，更换一块全新的示教盒触摸屏总成，并安装固定。,触摸屏总成,1.5,吴十一
31,WRB-001,FANUC ARCMate 120iC,2023/11/25,PM,-,执行机器人系统数据的冷备份，包括系统映像、所有程序、参数、以及用户宏文件。,计划进行控制器主板升级，为防止升级失败变砖，必须提前进行完整的系统级备份。,使用外接硬盘通过维护端口对整个系统进行镜像备份，并验证备份文件的完整性。,无,1,郑十二
32,WRB-002,ABB IRB 2600,2023/11/26,CM,INTP-312,机器人运行复杂程序时， interpreter任务周期性地超时，导致程序中断并报错。,控制器CPU负载率长期过高，可能由于程序逻辑过于复杂或存在内存泄漏问题。,优化程序结构，减少不必要的循环和计算，重启控制器后释放内存，问题得到缓解。,无,2,王五
33,WRB-001,FANUC ARCMate 120iC,2023/11/27,CM,ARC-301,起弧困难，需要多次尝试才能引燃电弧，且起弧瞬间电流冲击很大。,焊机高频引弧器模块老化，产生的引弧电压不足，无法有效击穿保护气体建立电弧。,更换焊机内部的高频引弧器模块，调整引弧参数，测试后起弧一次成功且平稳。,引弧器模块,2.5,郑十二
34,WRB-003,KUKA KR 10 R1420,2023/11/28,PM,-,检查并复紧机器人地脚螺栓、各轴电机安装螺栓以及本体各部分的连接紧固件。,设备长期振动可能导致关键部位的连接螺栓出现预紧力下降，存在安全隐患。,使用校准过的扭力扳手，按照制造商提供的扭矩值要求，对所有关键螺栓进行复紧。,无,1.5,李四
35,WRB-002,ABB IRB 2600,2023/11/29,CM,MOTN-055,第一轴运动时伴有沉闷的金属撞击声，仅在特定角度和速度下出现，检测软件未报错。,怀疑减速器内部有损坏。经拆解检查，发现第一轴减速器的输出侧轴承保持架断裂。,更换第一轴减速器总成。由于是大型部件，更换后需进行全面的精度校准和补偿。,减速器总成,8,"王五, 赵六"
36,WRB-004,Yaskawa MA1440,2023/11/30,PM,-,更换焊枪清理站（清剪帽机构）的剪刀片和喷防溅剂喷嘴，确保清理效果。,清理站的剪刀片刃口已磨钝，无法干净利落地剪断焊丝，防溅剂喷嘴也被堵塞。,停机后，手动操作清理站，更换全新的剪刀片和喷嘴，并测试其动作是否协调顺畅。,"剪刀片, 喷嘴",1,张三
37,WRB-003,KUKA KR 10 R1420,2023/12/1,CM,SYST-088,机器人系统时间每次重启后归零，导致生产日志和时间戳文件全部错乱。,控制器主板上的CMOS电池耗尽，无法在断电后维持实时时钟（RTC）电路的运行。,关闭总电源，打开控制器，更换主板上的CR2032纽扣电池，然后重新设置系统时间。,CMOS电池,0.5,李四
38,WRB-005,FANUC ARCMate 120iC,2023/12/2,CM,IO-004,控制柜数字输出模块的其中一个点位无输出，无法驱动夹爪电磁阀动作。,诊断软件显示该点位软件逻辑有输出，但万用测量其端口电压为0，判断为输出点烧毁。,由于是模块化设计，直接更换整个数字输出模块的子模块，恢复所有IO功能。,输出模块,0.5,钱八
39,WRB-004,Yaskawa MA1440,2023/12/3,PM,-,对机器人本体进行全面的泄漏检查，重点检查气动回路和液压平衡单元是否存在漏气漏油。,日常点检发现地面有疑似油渍，需系统性地排查所有可能的泄漏点以消除隐患。,使用肥皂水检查气管接头，使用纸巾擦拭检查油管接头，对发现的轻微泄漏点进行紧固。,无,2,张三
40,WRB-006,OTC FD-B4,2023/12/4,CM,BLNK-112,机器人示教器显示屏闪烁不定，时亮时灭，但操作按键反应正常，程序仍在运行。,初步判断为示教器显示屏背光供电线路接触不良，可能是内部排线或逆变器板故障。,更换示教器显示屏的背光逆变器板，故障现象消失，显示恢复正常稳定状态。,逆变器板,1.5,孙九
41,WRB-005,FANUC ARCMate 120iC,2023/12/5,PM,-,对机器人各轴的软限位位置进行复核与调整，确保其符合最新工作区域的安全要求。,由于生产流程变更，机器人的工作范围需要微调，原有的软限位设置已不再适用。,在手动模式下，缓慢移动各轴至新的物理极限，并在系统参数中重新设置软限位值。,无,1,钱八
42,WRB-007,Panasonic TA-1400,2023/12/6,CM,FUS-010,控制柜主电源空气开关频繁跳闸，特别是在机器人高速运动时发生，跳闸时间不固定。,怀疑存在短路或过载。经排查，发现第三轴伺服电机动力电缆绝缘皮破损，对地短路。,立即停电，更换第三轴的动力电缆，检查电机绝缘电阻合格后，重新上电测试正常。,动力电缆,3,郑十二
43,WRB-006,OTC FD-B4,2023/12/7,PM,-,清洁机器人各轴的光栅尺（如配备）读数头，确保其读取精度，避免位置反馈错误。,光栅尺读数头附着灰尘或油污，会干扰其对刻度的精确读取，从而影响闭环控制精度。,使用无水乙醇和无尘布小心擦拭读数头的玻璃镜面，确保其洁净无污。,无,1.5,孙九
44,WRB-008,FANUC M-10iD/12,2023/12/8,CM,DRV-099,第四轴伺服驱动器显示“过电流”报警，电机发热严重，机器人被强制保护停机。,拆卸第四轴电机后，发现其旋转异常沉重。判断为电机内部的轴承损坏，抱死导致阻力过大。,更换第四轴伺服电机总成（含编码器），安装后需重新进行零点标定和伺服调整。,伺服电机总成,4.5,周十
45,WRB-007,Panasonic TA-1400,2023/12/9,PM,-,更新机器人安全配置，优化安全门、光栅、区域传感器等外部安全信号的逻辑互锁关系。,产线布局调整后，原有的安全逻辑存在漏洞，需要根据新的布局进行更新以确保安全。,在安全配置软件中，重新映射安全IO信号并设置合理的逻辑关系，下载到安全控制器。,无,2.5,郑十二
46,WRB-009,KUKA KR 6 R700,2023/12/10,CM,CALS-001,机器人绝对精度超差，使用激光跟踪仪检测发现TCP点在空间多个位置的实际偏差超限。,机器人经过长时间高负荷运行或发生过碰撞，机械结构参数（DH参数）可能发生了微变。,联系厂家技术支持，使用高精度测量设备（如激光跟踪仪）对机器人进行全参数标定补偿。,无,6,"李四, 外协工程师"
47,WRB-008,FANUC M-10iD/12,2023/12/11,CM,NET-408,机器人无法与中央生产执行系统（MES）通信，无法接收生产任务，状态无法上传。,机器人控制器的网络接口卡（NIC）驱动程序因异常关机而损坏，导致IP地址丢失。,重新安装网卡驱动程序，配置固定的IP地址、子网掩码和网关，测试与M服务器的连通性。,无,1.5,周十
48,WRB-010,ABB IRB 1600,2023/12/12,PM,-,对机器人焊枪的碰撞保护系统进行测试与校准，确保在发生碰撞时能及时触发并停止。,定期校验安全功能是预防设备严重损坏的重要措施，需确保碰撞检测的灵敏度在合理范围内。,使用示教器中的专用功能，模拟碰撞信号，测试系统响应时间，并调整碰撞检测阈值。,无,1,赵六
49,WRB-009,KUKA KR 6 R700,2023/12/13,CM,BAL-002,机器人第六轴（法兰盘）处于某些姿态时，无法保持静止，会有缓慢的“自落”现象。,第六轴的机械抱闸力矩不足，或制动片磨损，无法完全克服重力负载，导致轴下滑。,调整第六轴抱闸的预紧力，测试其保持力矩。若调整无效，则需更换整个抱闸单元。,无,2,李四
50,WRB-001,FANUC ARCMate 120iC,2023/12/14,PM,-,对机器人各轴电机进行绝缘电阻测量，评估电机绕组因潮湿、灰尘等导致的老化情况。,预防性检查电机健康状况，低绝缘电阻可能导致运行时漏电，甚至烧毁驱动板。,使用兆欧表（摇表）测量各电机绕组对地绝缘电阻，所有测量值均远高于标准要求，正常。,无,1.5,陈七
51,WRB-010,ABB IRB 1600,2023/12/15,CM,MEM-011,用户程序频繁出现数据校验错误，部分点位数据莫名丢失或篡改，需经常重新示教。,怀疑控制器内存条存在故障或兼容性问题，导致程序存储区数据读写不稳定。,关闭电源，打开控制器，拔下内存条用橡皮擦拭金手指，重新插紧。若无效则更换内存条。,内存条,1,赵六
52,WRB-002,ABB IRB 2600,2023/12/16,CM,GUN-101,水冷焊枪枪体过热报警，触摸烫手，检查冷却水循环泵工作正常，流量压力符合要求。,拆下焊枪，发现枪体内部水道被水垢和杂质严重堵塞，导致冷却水无法有效流通换热。,使用专用除垢剂和高压清洗机反向冲洗焊枪内部水道，直至水流畅通无阻，恢复冷却效果。,无,2.5,钱八
53,WRB-001,FANUC ARCMate 120iC,2023/12/17,PM,-,校准机器人各关节的零位（Mastering），使用电子千分尺法进行高精度校准。,设备在经过维修或长期使用后，机械零点可能存在漂移，影响绝对定位精度。,按照维修手册标准流程，使用专用工具（电子千分尺）对各轴进行机械零点的校准。,无,3,陈七
54,WRB-003,KUKA KR 10 R1420,2023/12/18,CM,FUSE-005,控制柜内为主驱动风扇供电的保险丝熔断，风扇停转，柜内温度升高触发超温报警。,驱动风扇电机轴承阻力增大，导致启动电流过高，超过保险丝的额定容量而将其熔断。,更换额定电流相同的保险丝，并同时更换故障的主散热风扇，确保散热系统正常工作。,"保险丝, 散热风扇",1,周十
55,WRB-002,ABB IRB 2600,2023/12/19,CM,OPT-022,外部视觉相机无法识别工件，相机本身状态灯正常，但机器人接收不到任何坐标数据。,检查发现连接相机与机器人控制器的网线水晶头卡扣损坏，导致网线接触不良，通信中断。,制作一个新的RJ45水晶头并重新压接到网线上，插紧后测试通信恢复，视觉功能正常。,水晶头,0.5,钱八
56,WRB-004,Yaskawa MA1440,2023/12/20,PM,-,执行机器人系统功能的全面测试，包括所有IO点、安全信号、备份恢复、程序运行等。,计划性年度大保养的一部分，旨在全面验证机器人所有功能是否处于完好状态。,按照预定义的检查清单，逐项测试并记录结果，所有测试项目均通过，系统状态良好。,无,4,吴十一
57,WRB-003,KUKA KR 10 R1420,2023/12/21,CM,BATT-002,机器人断电更换主板电池后，重启发现所有程序和数据丢失，控制器恢复出厂设置。,在更换电池过程中操作不当，导致断电时间过长，超过了备用电容的维持时间，数据丢失。,从最新的备份文件中全面恢复系统程序、参数和用户文件，并重新校准各轴零点。,无,4.5,周十
58,WRB-005,FANUC ARCMate 120iC,2023/12/22,PM,-,检查并调整机器人各轴皮带的张紧力（如有关），防止皮带打滑或过度磨损。,通过声音和目视检查，发现第三轴传动皮带略有松弛，可能影响位置同步精度。,使用皮带张力计测量当前张力，调整电机位置使张力值恢复到制造商规定的范围内。,无,1.5,孙九
59,WRB-004,Yaskawa MA1440,2023/12/23,CM,DRV-201,机器人一上电，第一轴伺服驱动器就报“编码器反馈错误”，红灯常亮。,编码器反馈电缆接头松动或线缆被压断。检查发现编码器线在关节弯折处内部断裂。,更换第一轴伺服电机的编码器反馈电缆，重新连接并固定好线缆，故障消除。,编码器反馈电缆,2.5,吴十一
60,WRB-006,OTC FD-B4,2023/12/24,CM,HMI-001,示教器显示屏花屏，显示乱码，但按键音提示操作有效，怀疑是显示输出故障。,可能是示教器内部连接显示屏的排线松动，或者是显卡芯片虚焊导致显示输出异常。,重新插拔示教器内部的显示屏排线，开机测试后显示恢复正常，判断为排线接触问题。,无,1.5,郑十二
61,WRB-005,FANUC ARCMate 120iC,2023/12/25,PM,-,对机器人本体和控制柜进行深度清洁，清除内部灰尘、油污和焊接飞溅物。,设备表面及内部堆积了大量污染物，不仅影响散热，还可能造成电气短路或信号干扰。,使用吸尘器、毛刷和无水乙醇，彻底清洁设备内外，重点清理电气部件表面的灰尘。,无,3,孙九
62,WRB-006,OTC FD-B4,2023/12/26,CM,ARC-404,焊接过程电弧力不稳定，熔池剧烈翻腾，飞溅极大，但保护气体和参数设置均正常。,焊机的一次侧主电力电缆接头松动，导致接触电阻过大，焊接时实际供电电压波动剧烈。,关闭总电源，检查并紧固连接焊机、机器人电源的所有电缆接头，确保接触良好。,无,1,郑十二
63,WRB-007,Panasonic TA-1400,2023/12/27,PM,-,为机器人所有润滑点（如齿轮、导轨、轴承）加注指定类型和数量的润滑脂。,根据设备运行时间统计，已到达润滑保养周期，需及时补充润滑脂以减少磨损。,使用专用润滑枪，按照润滑图表指示，为每个润滑点定量加注高温锂基润滑脂。,润滑脂,2,周十
64,WRB-008,FANUC M-10iD/12,2023/12/28,CM,MOTN-033,机器人运动到某些特定点位时，整体振动明显，伴有异响，但程序执行准确。,机器人处于某些特定姿态时，其固有频率与运动频率重合，引发了机械共振现象。,通过调整运动路径点的顺序或姿态，避开共振区，并适当降低该区域内的运动速度。,无,1.5,吴十一
65,WRB-007,Panasonic TA-1400,2023/12/29,CM,FAN-002,控制柜后部的排风扇异响严重，发出“哒哒”的撞击声，但排风量似乎正常。,排风扇的扇叶可能因吸入塑料袋等异物而变形，或者其轴承损坏导致旋转不平衡。,停机断电后，拆下排风扇检查，发现扇叶轻微变形。进行校正后安装，异响消除。,无,1,周十
66,WRB-009,KUKA KR 6 R700,2023/12/30,PM,-,检查并更新机器人控制软件的补丁程序，修复已知的系统漏洞和功能缺陷。,制造商发布了新的软件补丁，主要解决了上一个版本中存在的运动控制相关的一个Bug。,通过U盘将补丁文件载入控制器，按照提示完成安装，安装后重启系统使更新生效。,无,1,赵六
67,WRB-008,FANUC M-10iD/12,2023/12/31,CM,IO-101,数字输入模块的某个点位常通，无论外部传感器是否触发，该点信号始终为1。,可能是输入点内部的光耦或电路击穿，导致永久导通；或者现场信号线对正极短路。,首先断开现场接线，测量端口电压仍为1，判断为输入模块内部故障，更换该子模块。,输入子模块,0.5,吴十一
68,WRB-010,ABB IRB 1600,2024/1/1,PM,-,执行机器人系统功能的全面测试，包括所有IO点、安全信号、备份恢复、程序运行等。,新年伊始，进行全面功能点检，确保设备以最佳状态投入新一年的生产运行。,按照预定义的检查清单，逐项测试并记录结果，所有测试项目均通过，系统状态良好。,无,4,钱八
69,WRB-009,KUKA KR 6 R700,2024/1/2,CM,BRK-010,机器人运行时，抱闸释放延迟，导致启动瞬间有轻微抖动，然后才平滑运动。,抱闸控制回路响应迟缓，可能是抱闸继电器的触点老化，或者是抱闸线圈供电电压不足。,检查抱闸电源电压，正常；随后更换抱闸控制继电器，延迟现象消失，启动顺畅。,继电器,1.5,赵六
70,WRB-010,ABB IRB 1600,2024/1/3,CM,COMM-055,DeviceNet总线通信时断时续，导致连接在总线上的所有设备（如焊机、抓手）工作异常。,DeviceNet总线终端电阻丢失或阻值不匹配，导致信号在总线末端反射，造成通信干扰。,检查总线两端的终端电阻，发现一端电阻丢失，补装一个121欧姆的终端电阻后正常。,终端电阻,1,钱八
71,WRB-001,FANUC ARCMate 120iC,2024/1/4,CM,PS-001,控制柜主电源模块无输出，控制器完全无法上电，电源指示灯不亮。,测量输入电压正常，判断为电源模块内部故障。拆解发现内部滤波电容鼓包炸裂。,更换控制柜主电源模块，安装后测量各路输出电压均恢复正常，系统可正常启动。,电源模块,2.5,冯十三
72,WRB-002,ABB IRB 2600,2024/1/5,PM,-,使用激光干涉仪对机器人的定位精度和重复定位精度进行季度校验与补偿。,定期精度维护计划，旨在及时发现并补偿因机械磨损或结构应力释放导致的位置偏差。,配合精密测量工程师，在机器人大范围工作空间内采集数据，并依据报告进行精度参数补偿。,无,5,外协工程师
73,WRB-003,KUKA KR 10 R1420,2024/1/6,CM,COOL-101,水冷焊枪循环系统报警“流量低”，但水箱冷却液充足，水泵工作正常。,检查发现水冷回路过滤器被水垢和杂质完全堵塞，导致冷却水无法循环流动。,更换水冷回路中的精细过滤器滤芯，并对整个回路进行冲洗，恢复冷却水正常流量。,过滤器滤芯,1.5,朱十四
74,WRB-001,FANUC ARCMate 120iC,2024/1/7,PM,-,对机器人各轴齿轮箱进行油液取样，送往实验室进行铁谱分析，以监测内部磨损状况。,预测性维护手段，通过分析油液中的金属颗粒种类和浓度，预判齿轮和轴承的健康状态。,使用专用取样工具从各轴放油口提取油样，做好标记后送检，等待分析报告。,无,1,冯十三
75,WRB-004,Yaskawa MA1440,2024/1/8,CM,ENCODER-112,机器人第四轴运行时出现“编码器计数错误”，位置反馈值跳变，运动抖动。,第四轴编码器反馈电缆的屏蔽层受损，受到伺服动力线干扰，导致信号传输异常。,更换带双层屏蔽的专用编码器反馈电缆，并重新布线，使其远离动力线缆。,编码器反馈电缆,3,卫十五
76,WRB-002,ABB IRB 2600,2024/1/9,CM,GRIP-002,机器人末端执行器（气动抓手）夹紧力不足，无法可靠抓取工件，时有掉落。,气路减压阀故障，无法维持设定的输出压力；同时抓手夹爪的关节销轴也有磨损。,更换减压阀，并修复磨损的夹爪销轴，调整夹紧力参数后测试抓取可靠。,减压阀,2,李四
77,WRB-005,FANUC ARCMate 120iC,2024/1/10,PM,-,清洁并检查机器人各轴限位开关、原点传感器的状态和固定情况，测试其功能完好。,限位开关表面沾染油污和铁屑，可能影响其感应灵敏度，是安全运行的重要保障。,使用毛刷和无水乙醇清洁各传感器表面和感应区域，确认安装牢固，测试信号触发正常。,无,1.5,陈七
78,WRB-003,KUKA KR 10 R1420,2024/1/11,CM,MEM-101,用户程序偶尔出现非法指令错误，重启后有时恢复，错误发生的行号不固定。,怀疑是控制器内存条或存储卡存在坏块，导致程序加载或运行时读取到错误数据。,使用系统自带的内存诊断工具进行扫描，发现错误。更换控制器主板上的内存条后问题解决。,内存条,2,朱十四
79,WRB-006,OTC FD-B4,2024/1/12,CM,WIRE-201,送丝机送出的焊丝呈不规则弯曲状，无法顺利通过焊枪导管，频繁卡丝。,送丝轮压力调整过大，且送丝轮槽型与焊丝直径不匹配，导致焊丝被压变形。,更换与焊丝直径匹配的送丝轮，并按照标准流程重新调整送丝轮的压力和对齐度。,送丝轮,0.5,钱八
80,WRB-004,Yaskawa MA1440,2024/1/13,PM,-,更新机器人安全地图（SafeZone），根据最新工艺要求重新配置轴范围监控和空间限制。,生产区域布局调整，需要重新定义机器人的安全运动空间，以防止与新增设备发生干涉。,在安全配置软件中，重新设定各轴的运动软限位和三维空间监控区域，下载并激活。,无,2.5,卫十五
81,WRB-007,Panasonic TA-1400,2024/1/14,CM,SVON-045,机器人伺服上电时，第六轴偶尔报“准备运行信号超时”错误，需多次重试。,第六轴伺服驱动器的准备运行（Ready）信号回路接触不良，可能是内部继电器触点氧化。,更换第六轴伺服驱动器的控制板上的信号继电器，之后伺服上电一次成功，稳定可靠。,继电器,1.5,赵六
82,WRB-005,FANUC ARCMate 120iC,2024/1/15,CM,BAL-101,机器人倒挂安装，第三轴在静止时出现轻微下滑，无法保持精确位置。,倒挂安装使得第三轴始终承受反向重力，该轴制动器的保持力矩设置不足以保证完全锁死。,通过伺服参数调整，适当增大第三轴制动器的保持电流（在允许范围内），下滑现象消除。,无,1,陈七
83,WRB-008,FANUC M-10iD/12,2024/1/16,PM,-,对机器人本体和控制柜的接地电阻进行测量，确保接地系统良好，符合安全规范。,良好的接地是设备稳定运行和防雷击、抗干扰的基础，需定期检测。,使用接地电阻测试仪测量设备接地端子与大地之间的电阻，测量值远小于1欧姆，符合要求。,无,1,张三
84,WRB-006,OTC FD-B4,2024/1/17,CM,GAS-201,焊接保护气体纯度检测仪报警，显示气体中含有过量水分，影响焊接质量。,新更换的气瓶本身含水量超标，或气瓶减压阀内部的干燥剂失效，未能有效过滤水分。,立即停用该气瓶，更换另一瓶合格气体，并更换减压阀中的干燥剂颗粒，复测纯度合格。,干燥剂,1,钱八
85,WRB-009,KUKA KR 6 R700,2024/1/18,CM,FAN-101,控制器内部发出一股焦糊味，随后主风扇停转，控制柜超温报警。,主散热风扇的电机线圈因长期高温运行而老化，最终短路烧毁，并散发出焦糊味。,立即断电，打开控制柜确认风扇电机烧毁。更换新的散热风扇总成，清理烧毁残留物。,散热风扇总成,1.5,周十
86,WRB-007,Panasonic TA-1400,2024/1/19,PM,-,对所有机器人程序的注释和变量名进行规范化整理，更新程序备份至版本管理系统。,程序版本混乱，注释不清，不利于故障排查和程序交接，需进行标准化管理。,逐条检查并规范程序注释，统一变量命名规则，然后将最终版程序归档至SVN版本服务器。,无,3,赵六
87,WRB-010,ABB IRB 1600,2024/1/20,CM,ARC-505,焊接过程频繁断弧，电弧长度忽长忽短，送丝速度设定值与实际值偏差巨大。,送丝机控制板上的测速反馈光电传感器脏污，无法正确检测送丝转速，导致闭环控制失效。,拆下送丝机测速传感器，用无水乙醇清洁其光栅和感应窗口，安装后送丝速度恢复稳定。,无,1,郑十二
88,WRB-008,FANUC M-10iD/12,2024/1/21,PM,-,执行机器人各轴减速箱的润滑油品升级，换用性能更优的全合成耐高温齿轮油。,设备制造商发布了技术通告，推荐使用新型号的润滑油以延长减速箱在高温工况下的寿命。,彻底排空各轴旧油，使用新油进行冲洗，最后加注全新型号的全合成齿轮油至规定油位。,合成齿轮油,6,"张三, 李四"
89,WRB-001,FANUC ARCMate 120iC,2024/1/22,CM,CABLE-101,机器人本体内部线束（SMB线）磨损，导致第四轴编码器数据间歇性丢失。,本体内部线束固定卡箍脱落，线束与运动部件发生摩擦，绝缘层磨破导致短路。,更换整段磨损的内部线束，重新使用耐高温扎带和卡箍可靠固定，确保留有足够余量。,内部SMB线束,4.5,冯十三
90,WRB-009,KUKA KR 6 R700,2024/1/23,CM,SYNC-001,机器人运行轨迹与变位机不同步，两者速度匹配出现偏差，导致焊接位置错误。,机器人控制器与变位机控制器之间的总线通信存在周期性延迟，导致同步信号传输超时。,检查通信线缆和接头，重新配置总线通信参数，优化通信周期，同步问题得到解决。,无,2.5,周十
91,WRB-002,ABB IRB 2600,2024/1/24,PM,-,对机器人系统进行全面的备份，包括镜像备份、程序备份和关键参数备份，并存档。,计划进行大规模的设备网络迁移，为防止意外，必须进行最高级别的系统全备份。,使用外部硬盘通过维护端口对系统进行完整镜像备份，并导出所有程序和数据文件。,无,1.5,钱八
92,WRB-010,ABB IRB 1600,2024/1/25,CM,IO-201,一组集中安装的远程IO模块无法被控制器识别，该站点的所有输入输出信号全部丢失。,远程IO站的电源模块指示灯不亮，测量发现其供电的24VDC开关电源已无输出，已经烧毁。,更换远程IO站的24VDC开关电源模块，恢复供电后，所有IO模块自动重新上线，功能恢复。,开关电源,1,郑十二
93,WRB-003,KUKA KR 10 R1420,2024/1/26,CM,MOTN-102,机器人各轴运动时噪音显著增大，尤其是高速运行时，但定位精度暂时未见异常。,怀疑减速箱内部润滑不良或齿轮轴承出现早期磨损。经声学检测，噪音源于第二轴减速箱。,对第二轴减速箱进行油液取样分析，并安排计划准备对其进行拆解检查。,无,1,吴十一
94,WRB-001,FANUC ARCMate 120iC,2024/1/27,PM,-,更新机器人数字孪生模型中的几何参数，使其与物理机器的实际状态保持同步。,机器人经过维修和精度补偿后，其数字模型需更新，才能保证离线编程的准确性。,将最新的精度补偿参数和工具数据导入到机器人仿真软件中，更新数字孪生模型。,无,2,冯十三
95,WRB-004,Yaskawa MA1440,2024/1/28,CM,HMI-101,示教器触摸屏完全失灵，无法进行任何触控操作，但物理按键操作正常。,触摸屏的驱动芯片可能因静电或过热而损坏，导致无法正常处理触控信号。,尝试重新安装触控驱动无效后，更换示教器的触摸屏模组，触控功能恢复正常。,触摸屏模组,2,朱十四
96,WRB-002,ABB IRB 2600,2024/1/29,CM,NET-510,机器人无法与工厂局域网内的其他设备（如HMI）通信，但能ping通网关。,机器人控制器的IP地址因网络冲突被路由器禁用，或防火墙策略阻止了相关端口的通信。,在路由器上解除IP地址禁用，并协调IT部门在防火墙策略中开放机器人所需的通信端口。,无,1.5,钱八
97,WRB-005,FANUC ARCMate 120iC,2024/1/30,PM,-,对所有安全回路进行测试，包括紧急停止、安全门、光栅、使能开关等，确保功能可靠。,定期安全功能校验是保障人身和设备安全的重中之重，必须严格按照周期执行。,两人配合，逐一触发每个安全设备，确认机器人能立即进入安全状态并输出相应信号。,无,2.5,卫十五
98,WRB-003,KUKA KR 10 R1420,2024/1/31,CM,DRV-301,第一轴伺服驱动器显示“过温”报警，触摸驱动器散热片温度极高，无法触碰。,驱动器散热风扇的防尘网被灰尘完全堵塞，导致散热效率急剧下降，驱动器过热保护。,清洁驱动器散热风扇的防尘网，并确保周围有足够的通风空间，驱动器温度恢复正常。,无,0.5,吴十一
99,WRB-006,OTC FD-B4,2024/2/1,CM,BZ-001,控制器操作时无任何提示音，示教器上的蜂鸣器功能失效，但其他功能正常。,示教器内部的蜂鸣器本身损坏，或者连接蜂鸣器的驱动电路出现故障，导致无法发声。,拆开示教器，检查发现蜂鸣器引脚虚焊。重新焊接后测试，提示音功能恢复。,无,1,赵六
100,WRB-004,Yaskawa MA1440,2024/2/2,PM,-,为机器人系统安装授权许可（License），激活新购买的高级功能包（如视觉引导）。,新购入了视觉引导软件包，需要安装许可证文件才能激活并使用这些高级功能。,通过U盘将许可证文件载入控制器，在系统管理界面中导入并激活，新功能可用。,无,0.5,朱十四
